{
    "value0": 6,
    "value1": 0,
    "value2": {
        "name": "Camera"
    },
    "value3": 1,
    "value4": {
        "name": "EditorCamera"
    },
    "value5": 2,
    "value6": {
        "name": "PostProcessing"
    },
    "value7": 3,
    "value8": {
        "name": "Sky"
    },
    "value9": 4,
    "value10": {
        "name": "Model"
    },
    "value11": 5,
    "value12": {
        "name": "Model"
    },
    "value13": 3,
    "value14": 3,
    "value15": {
        "modelPath": "../resources/models/cube"
    },
    "value16": 4,
    "value17": {
        "modelPath": "../resources/models/suzanne.fbx"
    },
    "value18": 5,
    "value19": {
        "modelPath": "../resources/models/ak-47.fbx"
    },
    "value20": 2,
    "value21": 4,
    "value22": {
        "size": 1,
        "materialPath": "../resources/materials/default"
    },
    "value23": 5,
    "value24": {
        "size": 2,
        "materialPath": "../resources/materials/ak47Wood.mat",
        "materialPath": "../resources/materials/ak47Metal.mat"
    },
    "value25": 4,
    "value26": 0,
    "value27": {
        "position": {
            "x": 4.941154956817627,
            "y": 0.8590878844261169,
            "z": -0.7211313843727112
        },
        "rotation": {
            "x": -9.799887657165528,
            "y": 101.6004409790039,
            "z": 0.0
        },
        "scale": {
            "x": 1.0,
            "y": 1.0,
            "z": 1.0
        },
        "overridePhysics": false
    },
    "value28": 1,
    "value29": {
        "position": {
            "x": 5.109829425811768,
            "y": 5.175921440124512,
            "z": 6.444974899291992
        },
        "rotation": {
            "x": -32.74038314819336,
            "y": 18.870107650756837,
            "z": 0.0
        },
        "scale": {
            "x": 1.0,
            "y": 1.0,
            "z": 1.0
        },
        "overridePhysics": false
    },
    "value30": 4,
    "value31": {
        "position": {
            "x": 0.0,
            "y": 0.0,
            "z": 0.0
        },
        "rotation": {
            "x": -89.99998474121094,
            "y": 196.8129119873047,
            "z": 0.0
        },
        "scale": {
            "x": 1.0,
            "y": 0.998976469039917,
            "z": 0.998976469039917
        },
        "overridePhysics": true
    },
    "value32": 5,
    "value33": {
        "position": {
            "x": 0.5953412055969238,
            "y": -0.9155511856079102,
            "z": -0.6427807807922363
        },
        "rotation": {
            "x": -90.15159606933594,
            "y": 89.74283599853516,
            "z": 0.4705694615840912
        },
        "scale": {
            "x": 0.9998983144760132,
            "y": 0.9991228580474854,
            "z": 0.9987991452217102
        },
        "overridePhysics": false
    },
    "value34": 2,
    "value35": 4,
    "value36": {
        "vertexShaderPath": "../resources/shaders/vertex.vert",
        "fragmentShaderPath": "../resources/shaders/deferred.frag"
    },
    "value37": 5,
    "value38": {
        "vertexShaderPath": "../resources/shaders/vertex.vert",
        "fragmentShaderPath": "../resources/shaders/deferred.frag"
    },
    "value39": 2,
    "value40": 5,
    "value41": {
        "parent": 0,
        "children": {
            "size": 0
        }
    },
    "value42": 0,
    "value43": {
        "parent": 4294967295,
        "children": {
            "size": 1,
            "entity": 5
        }
    },
    "value44": 2,
    "value45": 0,
    "value46": {
        "value0": {
            "value0": 90.0,
            "value1": 0.10000000149011612,
            "value2": 100.0,
            "value3": 1.57744562625885,
            "value4": true,
            "value5": {
                "x": 0.0,
                "y": 1.0,
                "z": 0.0
            },
            "value6": {
                "x": 1.0,
                "y": 1.0,
                "z": 1.0
            },
            "value7": {
                "x": 1161.0,
                "y": 736.0
            }
        }
    },
    "value47": 1,
    "value48": {
        "value0": {
            "value0": 90.0,
            "value1": 0.10000000149011612,
            "value2": 100.0,
            "value3": 1.57744562625885,
            "value4": true,
            "value5": {
                "x": 0.0,
                "y": 1.0,
                "z": 0.0
            },
            "value6": {
                "x": 1.0,
                "y": 1.0,
                "z": 1.0
            },
            "value7": {
                "x": 1161.0,
                "y": 736.0
            }
        }
    },
    "value49": 0,
    "value50": 3,
    "value51": 1,
    "value52": {
        "scriptPath": ""
    },
    "value53": 4,
    "value54": {
        "scriptPath": "../resources/scripts/spin.as"
    },
    "value55": 0,
    "value56": {
        "scriptPath": "../resources/scripts/camera.as"
    },
    "value57": 1,
    "value58": 2,
    "value59": {
        "algorithm": 0,
        "exposure": 1.0,
        "colorGrading": {
            "x": 0.0,
            "y": 0.0,
            "z": 0.0
        },
        "colorGradingIntensity": 0.0,
        "vignetteIntensity": 0.0,
        "vignetteRoundness": 0.0,
        "filmGrain": 0.0,
        "contrast": 1.0,
        "saturation": 1.0,
        "brightness": 1.0,
        "lutPath": "../resources/textures/empty",
        "resolution": {
            "width": 1161,
            "height": 736
        }
    },
    "value60": 1,
    "value61": 2,
    "value62": {
        "threshold": 1.0,
        "strength": 0.30000001192092898,
        "resolutionScale": 8.0,
        "resolution": {
            "width": 1161,
            "height": 736
        }
    },
    "value63": 1,
    "value64": 2,
    "value65": {
        "resolutionScale": 2.0,
        "samples": 4,
        "limit": 100.0,
        "radius": 2.0,
        "falloff": 1.5,
        "thicknessMix": 0.20000000298023225,
        "maxStride": 8.0,
        "resolution": {
            "width": 1161,
            "height": 736
        }
    },
    "value66": 1,
    "value67": 2,
    "value68": {
        "resolutionScale": 1.0,
        "maxSteps": 100,
        "maxBinarySearchSteps": 5,
        "rayStep": 0.019999999552965165,
        "resolution": {
            "width": 1161,
            "height": 736
        }
    },
    "value69": 1,
    "value70": 3,
    "value71": {
        "time": 40.0,
        "cirrus": 0.0,
        "cumulus": 0.0,
        "resolution": {
            "width": 1024,
            "height": 1024
        }
    },
    "value72": 0,
    "value73": 1,
    "value74": 4,
    "value75": {
        "rigidBodyPosition": {
            "x": 0.0,
            "y": 0.0,
            "z": 0.0
        },
        "rigidBodyRotation": {
            "x": 0.10337510704994202,
            "y": 0.6995096206665039,
            "z": 0.6995093822479248,
            "w": -0.1033751368522644
        },
        "rigidBodyMotionType": 2,
        "rigidBodyIsSensor": false,
        "value0": 0,
        "value1": {
            "x": 1.0,
            "y": 1.0,
            "z": 1.0
        }
    }
}